order_id,customer_id,order_date,order_amount,platform,campaign_id
1,1051,2024-02-03,201,mobile,CAMP1
2,1092,2024-01-08,611,website,NoCampaign
3,1014,2024-02-09,738,website,NoCampaign
4,1071,2024-03-23,996,mobile,CAMP1
5,1060,2024-02-11,657,mobile,CAMP2
6,1020,2024-02-10,666,website,CAMP1
7,1082,2024-01-06,469,mobile,CAMP1
8,1086,2024-02-21,299,mobile,NoCampaign
9,1074,2024-01-26,166,website,CAMP1
10,1074,2024-03-04,915,mobile,CAMP2
11,1087,2024-02-28,561,website,NoCampaign
12,1099,2024-02-25,789,mobile,CAMP1
13,1023,2024-02-28,627,website,NoCampaign
14,1002,2024-03-10,384,mobile,CAMP1
15,1021,2024-02-02,467,mobile,CAMP2
16,1052,2024-02-22,981,mobile,CAMP2
17,1001,2024-01-22,823,mobile,CAMP1
18,1087,2024-01-21,344,website,CAMP1
19,1029,2024-03-10,987,website,NoCampaign
20,1037,2024-03-10,804,mobile,NoCampaign
21,1001,2024-01-04,420,mobile,CAMP1
22,1063,2024-03-15,235,website,NoCampaign
23,1059,2024-03-02,295,website,NoCampaign
24,1020,2024-03-02,686,mobile,NoCampaign
25,1032,2024-01-24,317,mobile,CAMP2
26,1075,2024-02-24,692,mobile,CAMP2
27,1057,2024-01-09,286,website,CAMP2
28,1021,2024-01-03,579,mobile,NoCampaign
29,1088,2024-01-31,601,website,NoCampaign
30,1048,2024-02-09,70,mobile,CAMP1
31,1090,2024-02-05,960,website,CAMP2
32,1058,2024-01-24,786,mobile,NoCampaign
33,1041,2024-01-06,916,mobile,NoCampaign
34,1091,2024-03-06,843,mobile,NoCampaign
35,1059,2024-03-24,569,website,NoCampaign
36,1079,2024-03-15,149,mobile,CAMP2
37,1014,2024-01-04,801,mobile,NoCampaign
38,1061,2024-03-19,527,mobile,NoCampaign
39,1061,2024-01-06,648,mobile,CAMP1
40,1046,2024-02-20,347,website,NoCampaign
41,1061,2024-03-02,989,website,NoCampaign
42,1050,2024-02-26,575,website,CAMP1
43,1054,2024-03-06,383,mobile,NoCampaign
44,1063,2024-03-19,51,website,NoCampaign
45,1002,2024-03-15,424,mobile,NoCampaign
46,1050,2024-01-08,342,mobile,CAMP1
47,1006,2024-01-26,886,mobile,CAMP1
48,1020,2024-02-20,983,mobile,NoCampaign
49,1072,2024-02-14,602,website,CAMP1
50,1038,2024-02-13,367,website,NoCampaign
51,1017,2024-01-05,551,website,NoCampaign
52,1003,2024-03-10,877,mobile,CAMP1
53,1088,2024-01-26,430,mobile,NoCampaign
54,1059,2024-03-08,672,mobile,NoCampaign
55,1013,2024-01-19,63,mobile,CAMP2
56,1008,2024-03-24,553,mobile,NoCampaign
57,1089,2024-01-20,280,mobile,NoCampaign
58,1052,2024-01-12,133,mobile,NoCampaign
59,1001,2024-02-16,179,mobile,NoCampaign
60,1083,2024-01-01,792,website,CAMP2
61,1091,2024-03-30,887,website,NoCampaign
62,1059,2024-01-14,194,website,NoCampaign
63,1070,2024-03-04,940,website,NoCampaign
64,1043,2024-02-07,906,mobile,NoCampaign
65,1007,2024-02-06,77,website,CAMP1
66,1046,2024-01-11,115,website,NoCampaign
67,1034,2024-03-17,212,mobile,CAMP1
68,1077,2024-01-03,278,mobile,CAMP2
69,1080,2024-02-02,310,website,CAMP2
70,1035,2024-01-06,498,mobile,NoCampaign
71,1049,2024-02-19,473,mobile,NoCampaign
72,1003,2024-01-10,509,mobile,NoCampaign
73,1001,2024-01-05,725,mobile,NoCampaign
74,1005,2024-01-23,350,mobile,NoCampaign
75,1053,2024-01-10,968,mobile,NoCampaign
76,1003,2024-02-13,352,mobile,CAMP2
77,1053,2024-01-02,336,mobile,CAMP2
78,1092,2024-01-13,444,website,CAMP1
79,1062,2024-02-09,59,mobile,NoCampaign
80,1017,2024-01-02,756,mobile,NoCampaign
81,1089,2024-03-24,679,mobile,CAMP2
82,1043,2024-03-05,319,website,CAMP1
83,1033,2024-03-03,641,mobile,NoCampaign
84,1073,2024-03-13,654,mobile,CAMP1
85,1061,2024-01-17,827,website,NoCampaign
86,1099,2024-01-09,893,website,NoCampaign
87,1013,2024-03-15,911,mobile,CAMP2
88,1094,2024-01-15,410,website,CAMP1
89,1047,2024-01-24,306,mobile,NoCampaign
90,1014,2024-02-07,182,mobile,NoCampaign
91,1071,2024-02-04,325,mobile,NoCampaign
92,1077,2024-02-18,825,mobile,NoCampaign
93,1086,2024-03-09,732,website,CAMP1
94,1061,2024-03-02,562,mobile,NoCampaign
95,1039,2024-02-29,362,mobile,NoCampaign
96,1084,2024-02-19,625,website,NoCampaign
97,1079,2024-03-18,935,website,CAMP1
98,1081,2024-03-15,333,mobile,NoCampaign
99,1052,2024-01-09,170,website,NoCampaign
100,1023,2024-02-03,156,mobile,CAMP2
101,1025,2024-03-16,982,website,CAMP1
102,1088,2024-02-04,736,website,NoCampaign
103,1059,2024-01-01,253,website,CAMP1
104,1040,2024-02-09,214,mobile,CAMP2
105,1028,2024-03-04,354,mobile,CAMP1
106,1014,2024-01-22,546,mobile,NoCampaign
107,1044,2024-02-29,681,mobile,NoCampaign
108,1064,2024-03-04,605,mobile,NoCampaign
109,1088,2024-03-12,873,website,CAMP1
110,1070,2024-01-11,205,mobile,NoCampaign
111,1008,2024-01-14,416,mobile,NoCampaign
112,1087,2024-02-29,768,website,NoCampaign
113,1000,2024-01-30,951,mobile,NoCampaign
114,1007,2024-02-04,669,website,CAMP1
115,1087,2024-03-25,300,mobile,NoCampaign
116,1062,2024-02-06,965,mobile,CAMP1
117,1010,2024-01-05,931,mobile,NoCampaign
118,1080,2024-03-23,383,mobile,CAMP1
119,1007,2024-03-18,691,website,CAMP2
120,1034,2024-01-26,560,mobile,CAMP2
121,1034,2024-03-02,342,mobile,NoCampaign
122,1032,2024-01-04,69,mobile,CAMP2
123,1004,2024-03-29,331,mobile,NoCampaign
124,1040,2024-02-11,846,website,CAMP2
125,1027,2024-03-29,50,mobile,CAMP1
126,1006,2024-01-18,168,website,NoCampaign
127,1072,2024-02-09,84,website,CAMP1
128,1071,2024-03-12,247,mobile,CAMP2
129,1011,2024-02-08,534,website,NoCampaign
130,1033,2024-01-14,806,mobile,CAMP2
131,1032,2024-02-01,108,mobile,CAMP1
132,1047,2024-02-20,886,mobile,CAMP2
133,1022,2024-02-07,210,website,NoCampaign
134,1061,2024-01-23,740,website,NoCampaign
135,1087,2024-03-03,255,mobile,NoCampaign
136,1036,2024-01-15,61,website,NoCampaign
137,1098,2024-01-25,539,mobile,CAMP1
138,1043,2024-01-17,325,mobile,CAMP2
139,1085,2024-03-06,742,mobile,NoCampaign
140,1090,2024-03-18,291,website,CAMP1
141,1034,2024-02-22,265,website,CAMP1
142,1064,2024-02-20,300,mobile,CAMP1
143,1098,2024-02-08,860,mobile,CAMP2
144,1046,2024-02-20,175,mobile,NoCampaign
145,1077,2024-03-10,266,mobile,CAMP1
146,1002,2024-01-06,355,mobile,NoCampaign
147,1000,2024-03-07,846,website,CAMP1
148,1004,2024-01-07,234,mobile,NoCampaign
149,1089,2024-02-20,88,mobile,CAMP1
150,1013,2024-03-12,272,mobile,CAMP2
151,1026,2024-02-11,233,website,NoCampaign
152,1008,2024-03-04,544,website,NoCampaign
153,1078,2024-01-15,476,mobile,CAMP2
154,1014,2024-01-29,227,website,CAMP2
155,1089,2024-02-02,968,mobile,CAMP2
156,1041,2024-01-27,477,mobile,CAMP1
157,1076,2024-02-05,343,mobile,CAMP1
158,1050,2024-01-29,901,mobile,CAMP2
159,1062,2024-02-07,200,mobile,CAMP1
160,1095,2024-02-26,433,website,CAMP1
161,1051,2024-01-27,687,website,NoCampaign
162,1095,2024-02-24,862,website,NoCampaign
163,1003,2024-02-02,357,mobile,NoCampaign
164,1093,2024-03-08,385,mobile,CAMP1
165,1022,2024-03-26,995,website,CAMP1
166,1014,2024-03-06,795,mobile,NoCampaign
167,1042,2024-01-10,941,mobile,CAMP1
168,1028,2024-01-05,424,mobile,CAMP1
169,1035,2024-03-14,57,website,NoCampaign
170,1012,2024-02-07,390,mobile,NoCampaign
171,1031,2024-01-13,178,mobile,NoCampaign
172,1070,2024-01-31,825,website,CAMP1
173,1058,2024-02-16,718,mobile,CAMP1
174,1085,2024-03-28,401,mobile,NoCampaign
175,1027,2024-02-21,407,mobile,CAMP1
176,1065,2024-02-25,566,mobile,NoCampaign
177,1041,2024-01-15,544,website,NoCampaign
178,1044,2024-01-29,135,mobile,NoCampaign
179,1061,2024-01-08,224,mobile,CAMP2
180,1056,2024-01-05,851,website,CAMP1
181,1005,2024-01-29,242,website,NoCampaign
182,1027,2024-02-16,360,website,NoCampaign
183,1027,2024-03-08,168,mobile,NoCampaign
184,1043,2024-03-16,267,mobile,CAMP1
185,1083,2024-02-14,476,website,CAMP1
186,1029,2024-01-02,463,website,NoCampaign
187,1061,2024-01-27,163,mobile,NoCampaign
188,1074,2024-02-05,194,mobile,NoCampaign
189,1091,2024-02-05,587,mobile,CAMP1
190,1088,2024-01-26,697,website,NoCampaign
191,1061,2024-02-12,352,mobile,NoCampaign
192,1096,2024-01-27,793,mobile,NoCampaign
193,1000,2024-03-09,930,mobile,CAMP2
194,1026,2024-01-20,637,website,CAMP1
195,1061,2024-01-11,889,website,NoCampaign
196,1076,2024-03-14,394,mobile,CAMP1
197,1002,2024-02-07,863,website,CAMP2
198,1069,2024-01-06,850,website,NoCampaign
199,1071,2024-03-12,50,mobile,CAMP2
200,1026,2024-01-23,196,mobile,NoCampaign
201,1008,2024-02-16,336,mobile,CAMP1
202,1061,2024-03-30,703,website,NoCampaign
203,1036,2024-02-15,102,mobile,NoCampaign
204,1096,2024-01-12,353,website,CAMP1
205,1050,2024-03-30,118,website,CAMP1
206,1043,2024-01-13,410,mobile,CAMP2
207,1023,2024-03-02,651,website,CAMP1
208,1078,2024-03-22,269,mobile,NoCampaign
209,1058,2024-03-29,753,mobile,NoCampaign
210,1031,2024-02-29,624,website,CAMP2
211,1095,2024-02-12,634,website,CAMP1
212,1087,2024-03-16,210,mobile,CAMP2
213,1051,2024-03-08,730,website,NoCampaign
214,1061,2024-01-05,138,website,CAMP1
215,1057,2024-02-06,737,mobile,NoCampaign
216,1051,2024-03-12,830,website,NoCampaign
217,1011,2024-01-31,634,mobile,NoCampaign
218,1038,2024-01-09,806,mobile,CAMP1
219,1001,2024-02-20,638,mobile,NoCampaign
220,1002,2024-01-29,208,website,CAMP1
221,1055,2024-03-18,538,website,CAMP1
222,1080,2024-02-09,373,mobile,NoCampaign
223,1058,2024-02-10,659,mobile,NoCampaign
224,1001,2024-03-26,430,website,CAMP1
225,1001,2024-01-11,151,mobile,CAMP1
226,1091,2024-01-23,543,website,CAMP1
227,1053,2024-01-01,693,website,CAMP1
228,1086,2024-02-15,663,mobile,CAMP1
229,1095,2024-01-21,68,website,CAMP1
230,1096,2024-03-30,503,mobile,CAMP2
231,1000,2024-02-05,531,website,NoCampaign
232,1018,2024-02-23,643,website,NoCampaign
233,1001,2024-03-27,446,website,NoCampaign
234,1052,2024-02-26,328,mobile,CAMP1
235,1043,2024-01-01,900,website,NoCampaign
236,1089,2024-03-03,414,mobile,NoCampaign
237,1031,2024-02-23,380,mobile,NoCampaign
238,1069,2024-02-24,690,mobile,NoCampaign
239,1031,2024-02-09,393,mobile,NoCampaign
240,1067,2024-01-15,871,mobile,NoCampaign
241,1054,2024-01-21,504,website,CAMP1
242,1074,2024-02-16,650,website,NoCampaign
243,1055,2024-03-13,774,mobile,NoCampaign
244,1016,2024-02-22,704,website,NoCampaign
245,1037,2024-01-09,114,mobile,NoCampaign
246,1023,2024-03-14,125,website,CAMP1
247,1068,2024-02-21,760,website,CAMP2
248,1097,2024-02-26,192,mobile,NoCampaign
249,1069,2024-01-26,966,website,NoCampaign
250,1085,2024-02-10,964,mobile,NoCampaign
251,1010,2024-02-04,877,mobile,CAMP1
252,1015,2024-03-03,654,website,CAMP2
253,1096,2024-01-25,522,mobile,NoCampaign
254,1072,2024-03-30,466,mobile,NoCampaign
255,1058,2024-03-15,354,mobile,NoCampaign
256,1069,2024-02-07,785,website,CAMP2
257,1079,2024-01-02,546,mobile,NoCampaign
258,1092,2024-01-07,340,mobile,CAMP1
259,1002,2024-03-22,989,website,NoCampaign
260,1019,2024-03-31,151,website,CAMP2
261,1058,2024-02-03,316,mobile,CAMP2
262,1035,2024-03-31,916,mobile,NoCampaign
263,1018,2024-01-17,671,mobile,NoCampaign
264,1089,2024-02-12,891,mobile,CAMP1
265,1066,2024-02-28,991,mobile,NoCampaign
266,1018,2024-02-20,826,website,CAMP1
267,1019,2024-02-23,52,website,CAMP2
268,1095,2024-01-24,134,website,CAMP1
269,1070,2024-01-25,843,mobile,CAMP2
270,1051,2024-03-11,377,website,NoCampaign
271,1032,2024-02-21,865,mobile,CAMP1
272,1039,2024-03-10,499,website,CAMP2
273,1038,2024-03-28,503,website,NoCampaign
274,1081,2024-02-02,973,mobile,CAMP1
275,1000,2024-02-18,678,website,NoCampaign
276,1010,2024-01-29,270,mobile,CAMP2
277,1091,2024-03-03,203,website,NoCampaign
278,1056,2024-01-22,714,mobile,CAMP1
279,1088,2024-01-26,61,mobile,CAMP1
280,1049,2024-01-28,182,website,CAMP1
281,1022,2024-03-25,353,mobile,CAMP1
282,1030,2024-02-18,342,website,CAMP1
283,1093,2024-03-11,349,mobile,NoCampaign
284,1041,2024-03-21,789,website,NoCampaign
285,1098,2024-03-24,832,website,NoCampaign
286,1006,2024-02-18,92,mobile,NoCampaign
287,1015,2024-01-20,993,mobile,CAMP1
288,1089,2024-03-26,392,mobile,CAMP1
289,1059,2024-03-03,375,mobile,CAMP2
290,1001,2024-03-01,863,mobile,CAMP1
291,1000,2024-02-18,547,website,NoCampaign
292,1047,2024-03-11,413,website,NoCampaign
293,1011,2024-01-01,940,website,CAMP2
294,1068,2024-01-13,476,website,CAMP2
295,1036,2024-03-27,70,website,NoCampaign
296,1031,2024-02-20,456,website,NoCampaign
297,1008,2024-02-25,668,mobile,CAMP2
298,1098,2024-03-23,385,website,NoCampaign
299,1018,2024-03-02,864,website,NoCampaign
300,1047,2024-02-01,166,mobile,CAMP2
301,1079,2024-01-30,173,mobile,CAMP2
302,1002,2024-01-29,448,mobile,NoCampaign
303,1019,2024-02-18,842,mobile,NoCampaign
304,1023,2024-02-14,853,website,NoCampaign
305,1053,2024-01-30,764,mobile,CAMP1
306,1032,2024-01-16,100,mobile,CAMP2
307,1023,2024-02-09,832,website,NoCampaign
308,1074,2024-01-19,373,mobile,NoCampaign
309,1071,2024-01-18,838,mobile,CAMP1
310,1035,2024-01-01,190,mobile,NoCampaign
311,1037,2024-03-18,519,website,NoCampaign
312,1083,2024-02-16,836,website,NoCampaign
313,1098,2024-03-06,851,mobile,NoCampaign
314,1088,2024-02-07,383,website,NoCampaign
315,1098,2024-02-20,942,mobile,CAMP2
316,1024,2024-03-03,422,website,NoCampaign
317,1092,2024-01-04,613,website,CAMP1
318,1017,2024-01-01,543,website,NoCampaign
319,1081,2024-01-08,588,mobile,CAMP1
320,1065,2024-01-29,718,website,NoCampaign
321,1053,2024-02-24,800,website,CAMP1
322,1034,2024-01-03,205,mobile,CAMP1
323,1079,2024-02-01,340,website,CAMP1
324,1060,2024-01-10,697,mobile,CAMP1
325,1040,2024-03-14,193,website,NoCampaign
326,1099,2024-03-23,155,mobile,NoCampaign
327,1032,2024-02-03,469,website,NoCampaign
328,1067,2024-03-27,719,mobile,CAMP1
329,1032,2024-02-24,707,mobile,CAMP1
330,1013,2024-02-01,51,mobile,CAMP1
331,1020,2024-02-19,994,mobile,CAMP1
332,1047,2024-01-07,638,mobile,NoCampaign
333,1019,2024-01-08,693,mobile,CAMP1
334,1007,2024-03-05,139,mobile,CAMP2
335,1006,2024-02-26,394,mobile,CAMP1
336,1066,2024-03-07,399,mobile,CAMP1
337,1016,2024-03-28,508,website,NoCampaign
338,1032,2024-03-27,312,mobile,NoCampaign
339,1047,2024-02-28,400,website,CAMP1
340,1075,2024-03-12,157,website,CAMP1
341,1058,2024-02-23,635,website,CAMP2
342,1085,2024-03-07,88,mobile,CAMP1
343,1021,2024-02-20,958,website,CAMP1
344,1029,2024-01-08,208,mobile,NoCampaign
345,1037,2024-02-03,632,mobile,NoCampaign
346,1050,2024-02-04,361,mobile,NoCampaign
347,1053,2024-03-28,290,website,CAMP2
348,1007,2024-03-18,987,mobile,CAMP2
349,1026,2024-02-01,494,mobile,NoCampaign
350,1026,2024-02-15,347,website,NoCampaign
351,1097,2024-01-16,85,website,NoCampaign
352,1020,2024-03-08,133,mobile,CAMP1
353,1029,2024-02-06,501,mobile,NoCampaign
354,1096,2024-02-23,935,website,CAMP2
355,1027,2024-03-25,824,mobile,NoCampaign
356,1063,2024-01-14,871,mobile,NoCampaign
357,1096,2024-02-24,434,mobile,NoCampaign
358,1068,2024-02-17,221,website,CAMP1
359,1060,2024-03-22,425,website,NoCampaign
360,1047,2024-01-07,734,website,CAMP1
361,1018,2024-03-14,411,website,CAMP2
362,1003,2024-01-07,608,mobile,CAMP1
363,1034,2024-02-02,940,mobile,NoCampaign
364,1063,2024-01-23,190,mobile,CAMP1
365,1048,2024-03-25,936,mobile,CAMP2
366,1016,2024-01-19,967,mobile,NoCampaign
367,1043,2024-01-19,167,website,CAMP1
368,1091,2024-02-05,326,website,NoCampaign
369,1029,2024-01-29,775,website,CAMP2
370,1092,2024-02-29,269,mobile,CAMP1
371,1045,2024-03-22,954,website,NoCampaign
372,1005,2024-01-02,75,website,CAMP1
373,1098,2024-01-01,570,mobile,CAMP2
374,1036,2024-02-16,832,website,NoCampaign
375,1023,2024-03-09,59,mobile,NoCampaign
376,1092,2024-01-20,427,mobile,NoCampaign
377,1045,2024-01-11,682,mobile,CAMP1
378,1052,2024-01-02,686,mobile,CAMP1
379,1094,2024-03-07,731,mobile,NoCampaign
380,1098,2024-03-27,633,website,NoCampaign
381,1059,2024-01-12,201,website,NoCampaign
382,1096,2024-01-20,769,website,NoCampaign
383,1062,2024-01-05,98,website,NoCampaign
384,1084,2024-02-06,203,mobile,CAMP2
385,1031,2024-02-07,908,website,CAMP2
386,1086,2024-01-09,342,mobile,NoCampaign
387,1032,2024-02-22,629,mobile,CAMP2
388,1066,2024-02-13,99,mobile,CAMP1
389,1017,2024-03-26,713,mobile,NoCampaign
390,1024,2024-01-24,580,mobile,NoCampaign
391,1094,2024-03-21,661,mobile,CAMP2
392,1053,2024-03-14,109,mobile,CAMP1
393,1057,2024-01-30,216,website,CAMP2
394,1066,2024-02-28,251,mobile,NoCampaign
395,1045,2024-03-27,906,mobile,NoCampaign
396,1023,2024-03-21,195,mobile,CAMP1
397,1031,2024-03-21,964,website,CAMP1
398,1046,2024-01-14,725,mobile,NoCampaign
399,1085,2024-01-09,488,mobile,CAMP2
400,1022,2024-02-09,291,mobile,NoCampaign
401,1065,2024-03-06,630,mobile,NoCampaign
402,1026,2024-01-25,736,mobile,CAMP1
403,1001,2024-03-13,610,mobile,NoCampaign
404,1089,2024-01-22,532,mobile,CAMP1
405,1016,2024-01-04,157,mobile,CAMP2
406,1032,2024-01-26,275,mobile,NoCampaign
407,1008,2024-02-27,722,website,CAMP2
408,1042,2024-01-29,680,mobile,NoCampaign
409,1047,2024-03-27,710,mobile,NoCampaign
410,1038,2024-02-06,711,mobile,CAMP2
411,1092,2024-03-15,481,website,CAMP1
412,1041,2024-03-10,854,mobile,CAMP2
413,1025,2024-01-18,704,mobile,CAMP2
414,1098,2024-03-25,468,website,CAMP1
415,1049,2024-02-11,504,mobile,CAMP2
416,1024,2024-02-10,209,mobile,CAMP2
417,1023,2024-02-07,572,mobile,NoCampaign
418,1012,2024-02-03,699,website,NoCampaign
419,1059,2024-01-17,639,mobile,NoCampaign
420,1006,2024-02-06,126,website,CAMP1
421,1056,2024-01-25,558,website,CAMP1
422,1035,2024-03-16,490,mobile,NoCampaign
423,1044,2024-03-27,303,mobile,CAMP2
424,1019,2024-03-26,970,mobile,CAMP1
425,1064,2024-03-25,819,mobile,NoCampaign
426,1007,2024-01-27,369,mobile,NoCampaign
427,1015,2024-02-26,852,website,NoCampaign
428,1013,2024-01-31,312,website,CAMP1
429,1075,2024-01-06,646,website,NoCampaign
430,1086,2024-03-31,707,mobile,NoCampaign
431,1014,2024-02-09,884,website,NoCampaign
432,1091,2024-01-12,603,website,NoCampaign
433,1097,2024-02-22,423,website,NoCampaign
434,1065,2024-03-11,686,mobile,NoCampaign
435,1031,2024-01-10,216,website,CAMP1
436,1086,2024-02-14,986,mobile,NoCampaign
437,1062,2024-01-17,802,mobile,NoCampaign
438,1085,2024-01-26,508,mobile,NoCampaign
439,1050,2024-03-25,329,website,CAMP1
440,1024,2024-03-02,749,website,CAMP1
441,1057,2024-02-15,351,mobile,NoCampaign
442,1062,2024-03-04,580,mobile,NoCampaign
443,1061,2024-01-02,629,mobile,NoCampaign
444,1021,2024-02-23,267,mobile,NoCampaign
445,1057,2024-03-05,151,mobile,NoCampaign
446,1057,2024-02-20,603,mobile,NoCampaign
447,1085,2024-02-22,337,website,NoCampaign
448,1048,2024-02-05,216,mobile,NoCampaign
449,1051,2024-01-26,670,mobile,NoCampaign
450,1041,2024-01-29,85,mobile,CAMP1
451,1069,2024-01-21,793,website,CAMP2
452,1014,2024-01-11,790,website,NoCampaign
453,1053,2024-02-09,402,website,CAMP1
454,1059,2024-01-11,725,mobile,CAMP1
455,1096,2024-02-05,948,mobile,CAMP2
456,1007,2024-02-28,122,mobile,CAMP1
457,1052,2024-02-08,697,website,CAMP1
458,1059,2024-02-23,402,website,CAMP2
459,1004,2024-02-24,940,website,NoCampaign
460,1067,2024-01-24,119,website,NoCampaign
461,1005,2024-01-22,474,website,CAMP1
462,1095,2024-03-09,757,mobile,CAMP1
463,1093,2024-02-25,830,website,NoCampaign
464,1046,2024-02-02,610,mobile,CAMP2
465,1098,2024-02-05,877,mobile,NoCampaign
466,1054,2024-01-20,691,mobile,NoCampaign
467,1039,2024-03-23,566,mobile,NoCampaign
468,1051,2024-03-21,477,mobile,CAMP1
469,1015,2024-03-02,588,mobile,NoCampaign
470,1012,2024-03-13,209,mobile,CAMP1
471,1029,2024-01-26,198,mobile,NoCampaign
472,1018,2024-03-06,825,mobile,NoCampaign
473,1016,2024-03-13,279,mobile,CAMP2
474,1062,2024-03-13,761,mobile,CAMP1
475,1018,2024-02-09,611,mobile,CAMP1
476,1091,2024-01-17,116,website,NoCampaign
477,1057,2024-01-01,861,website,CAMP1
478,1054,2024-03-29,430,website,NoCampaign
479,1089,2024-03-01,107,website,CAMP1
480,1089,2024-02-12,308,mobile,NoCampaign
481,1061,2024-02-11,391,website,NoCampaign
482,1022,2024-01-25,887,mobile,NoCampaign
483,1008,2024-02-08,179,mobile,NoCampaign
484,1011,2024-02-04,776,website,CAMP1
485,1000,2024-01-03,221,mobile,CAMP1
486,1057,2024-02-13,819,website,NoCampaign
487,1000,2024-02-20,663,website,CAMP2
488,1033,2024-01-12,258,website,CAMP2
489,1095,2024-01-19,852,website,CAMP1
490,1047,2024-02-13,403,mobile,CAMP1
491,1088,2024-02-28,520,mobile,CAMP1
492,1000,2024-02-18,847,mobile,NoCampaign
493,1015,2024-03-01,165,mobile,CAMP1
494,1060,2024-01-17,313,website,NoCampaign
495,1063,2024-03-14,711,website,CAMP1
496,1062,2024-02-26,861,website,NoCampaign
497,1068,2024-02-24,491,mobile,CAMP2
498,1021,2024-02-16,597,mobile,NoCampaign
499,1092,2024-01-12,502,mobile,NoCampaign
500,1066,2024-03-02,894,mobile,CAMP2
501,1075,2024-03-20,526,website,NoCampaign
502,1025,2024-03-28,336,mobile,NoCampaign
503,1015,2024-03-23,352,mobile,NoCampaign
504,1050,2024-01-08,360,mobile,NoCampaign
505,1085,2024-01-21,257,website,CAMP1
506,1056,2024-03-21,667,website,NoCampaign
507,1028,2024-03-27,495,mobile,CAMP1
508,1077,2024-03-20,719,mobile,CAMP1
509,1091,2024-03-10,682,mobile,NoCampaign
510,1068,2024-03-12,104,mobile,CAMP2
511,1046,2024-01-25,961,website,NoCampaign
512,1093,2024-03-22,61,website,NoCampaign
513,1061,2024-03-29,706,mobile,NoCampaign
514,1068,2024-01-12,449,mobile,NoCampaign
515,1075,2024-01-15,957,website,CAMP1
516,1015,2024-02-28,697,mobile,CAMP1
517,1089,2024-01-26,564,website,CAMP2
518,1089,2024-01-26,705,mobile,CAMP1
519,1047,2024-02-16,591,mobile,CAMP1
520,1084,2024-02-01,286,mobile,CAMP2
521,1038,2024-01-10,328,mobile,NoCampaign
522,1099,2024-01-16,397,website,NoCampaign
523,1032,2024-03-11,676,mobile,CAMP2
524,1093,2024-01-17,153,mobile,NoCampaign
525,1022,2024-01-23,679,mobile,CAMP1
526,1009,2024-01-26,566,mobile,CAMP1
527,1068,2024-03-25,921,mobile,NoCampaign
528,1099,2024-03-26,297,mobile,NoCampaign
529,1033,2024-01-07,413,website,NoCampaign
530,1051,2024-01-14,370,mobile,CAMP1
531,1094,2024-03-19,682,mobile,NoCampaign
532,1009,2024-01-07,335,website,NoCampaign
533,1018,2024-01-09,198,mobile,NoCampaign
534,1057,2024-02-17,133,website,NoCampaign
535,1095,2024-03-12,455,mobile,NoCampaign
536,1000,2024-02-28,505,website,NoCampaign
537,1068,2024-03-27,792,website,NoCampaign
538,1003,2024-03-22,849,website,NoCampaign
539,1015,2024-02-08,210,website,NoCampaign
540,1023,2024-01-18,833,mobile,CAMP2
541,1079,2024-02-28,509,website,NoCampaign
542,1001,2024-01-17,599,mobile,CAMP2
543,1091,2024-01-14,549,mobile,CAMP1
544,1031,2024-01-31,787,mobile,NoCampaign
545,1090,2024-01-24,558,mobile,NoCampaign
546,1083,2024-02-29,703,mobile,NoCampaign
547,1023,2024-02-14,853,mobile,CAMP2
548,1011,2024-01-03,530,mobile,NoCampaign
549,1049,2024-02-06,712,website,CAMP1
550,1034,2024-02-12,163,website,NoCampaign
551,1032,2024-02-09,798,mobile,NoCampaign
552,1032,2024-03-30,627,mobile,NoCampaign
553,1060,2024-02-24,410,mobile,NoCampaign
554,1050,2024-03-27,390,mobile,NoCampaign
555,1042,2024-02-08,819,mobile,NoCampaign
556,1011,2024-01-15,810,mobile,CAMP1
557,1066,2024-01-04,498,mobile,CAMP2
558,1064,2024-03-26,892,website,NoCampaign
559,1032,2024-01-25,884,mobile,NoCampaign
560,1039,2024-01-13,229,mobile,CAMP2
561,1073,2024-03-22,751,mobile,NoCampaign
562,1042,2024-02-02,456,mobile,CAMP1
563,1043,2024-01-16,715,mobile,NoCampaign
564,1028,2024-02-11,245,website,NoCampaign
565,1012,2024-03-06,515,mobile,NoCampaign
566,1011,2024-02-24,360,mobile,NoCampaign
567,1094,2024-02-11,311,website,CAMP1
568,1045,2024-02-03,468,website,CAMP1
569,1001,2024-01-30,455,website,NoCampaign
570,1034,2024-01-13,988,mobile,NoCampaign
571,1086,2024-01-13,192,website,CAMP1
572,1080,2024-01-18,391,mobile,NoCampaign
573,1089,2024-02-01,365,mobile,CAMP2
574,1007,2024-02-08,150,mobile,NoCampaign
575,1092,2024-02-15,293,mobile,NoCampaign
576,1025,2024-01-29,539,mobile,CAMP1
577,1073,2024-03-02,61,mobile,CAMP1
578,1089,2024-03-02,288,website,NoCampaign
579,1033,2024-02-26,610,website,NoCampaign
580,1006,2024-01-16,91,website,NoCampaign
581,1067,2024-02-25,727,mobile,NoCampaign
582,1057,2024-01-10,643,website,NoCampaign
583,1074,2024-01-30,478,mobile,NoCampaign
584,1028,2024-01-25,852,website,NoCampaign
585,1035,2024-03-24,207,mobile,CAMP2
586,1088,2024-01-05,265,website,CAMP2
587,1020,2024-03-05,719,mobile,CAMP1
588,1035,2024-02-18,511,website,NoCampaign
589,1009,2024-01-03,183,website,CAMP1
590,1072,2024-02-14,116,mobile,NoCampaign
591,1023,2024-01-14,897,mobile,NoCampaign
592,1063,2024-01-30,56,website,NoCampaign
593,1098,2024-03-08,997,mobile,CAMP2
594,1048,2024-01-18,575,website,CAMP1
595,1098,2024-03-02,122,mobile,CAMP1
596,1035,2024-02-06,448,mobile,CAMP2
597,1081,2024-01-25,454,mobile,CAMP1
598,1095,2024-02-17,724,mobile,NoCampaign
599,1023,2024-03-05,627,website,NoCampaign
600,1022,2024-02-22,908,mobile,NoCampaign
601,1061,2024-03-19,179,mobile,NoCampaign
602,1095,2024-03-13,980,mobile,CAMP1
603,1036,2024-01-15,515,mobile,NoCampaign
604,1011,2024-02-18,255,website,NoCampaign
605,1054,2024-03-28,837,website,CAMP1
606,1012,2024-03-08,817,mobile,NoCampaign
607,1022,2024-01-12,315,website,CAMP1
608,1088,2024-02-28,586,website,NoCampaign
609,1098,2024-02-06,842,mobile,NoCampaign
610,1029,2024-03-01,302,website,CAMP1
611,1016,2024-02-12,871,mobile,NoCampaign
612,1061,2024-03-10,338,mobile,NoCampaign
613,1083,2024-02-08,213,website,NoCampaign
614,1088,2024-02-25,144,mobile,CAMP2
615,1085,2024-03-03,831,website,NoCampaign
616,1012,2024-02-15,882,website,CAMP1
617,1058,2024-03-28,159,mobile,CAMP2
618,1018,2024-01-11,385,website,CAMP1
619,1048,2024-03-02,871,mobile,NoCampaign
620,1099,2024-03-17,287,mobile,NoCampaign
621,1011,2024-01-25,430,website,NoCampaign
622,1060,2024-03-11,485,website,NoCampaign
623,1018,2024-02-21,948,mobile,CAMP1
624,1075,2024-01-04,532,mobile,CAMP2
625,1008,2024-02-28,986,website,CAMP1
626,1070,2024-03-12,951,website,CAMP1
627,1027,2024-01-20,74,website,CAMP1
628,1077,2024-03-03,702,mobile,CAMP2
629,1094,2024-02-23,166,mobile,CAMP1
630,1051,2024-03-14,531,mobile,CAMP1
631,1082,2024-02-26,441,website,CAMP1
632,1015,2024-03-30,966,mobile,CAMP1
633,1068,2024-02-10,586,mobile,NoCampaign
634,1098,2024-01-03,128,website,NoCampaign
635,1011,2024-01-06,629,mobile,NoCampaign
636,1024,2024-01-05,222,website,CAMP2
637,1051,2024-01-05,61,website,CAMP1
638,1084,2024-02-23,849,website,NoCampaign
639,1099,2024-02-16,177,mobile,CAMP2
640,1052,2024-03-27,657,mobile,CAMP1
641,1022,2024-02-18,141,website,CAMP1
642,1015,2024-01-09,702,website,CAMP1
643,1056,2024-01-20,592,website,CAMP1
644,1038,2024-03-01,895,mobile,CAMP2
645,1052,2024-02-04,581,website,NoCampaign
646,1041,2024-02-19,707,website,CAMP1
647,1057,2024-03-22,877,website,CAMP1
648,1038,2024-03-02,496,website,NoCampaign
649,1013,2024-01-17,439,website,CAMP1
650,1094,2024-03-28,721,website,CAMP2
651,1004,2024-01-03,910,mobile,NoCampaign
652,1034,2024-02-01,92,mobile,CAMP1
653,1086,2024-01-13,303,mobile,CAMP1
654,1092,2024-03-29,179,mobile,CAMP2
655,1074,2024-03-13,109,mobile,CAMP2
656,1017,2024-03-08,712,mobile,NoCampaign
657,1075,2024-01-14,516,mobile,NoCampaign
658,1008,2024-01-11,336,mobile,CAMP1
659,1073,2024-02-25,566,website,NoCampaign
660,1057,2024-03-07,516,website,NoCampaign
661,1016,2024-01-29,979,mobile,CAMP1
662,1006,2024-01-09,827,website,NoCampaign
663,1045,2024-03-07,394,mobile,CAMP1
664,1012,2024-01-25,691,mobile,CAMP2
665,1039,2024-03-16,431,mobile,CAMP1
666,1041,2024-02-11,828,mobile,CAMP2
667,1008,2024-01-09,739,website,CAMP2
668,1049,2024-03-19,302,website,NoCampaign
669,1026,2024-02-09,976,mobile,CAMP1
670,1065,2024-01-25,105,mobile,CAMP2
671,1004,2024-01-05,512,mobile,CAMP2
672,1028,2024-01-11,506,mobile,NoCampaign
673,1036,2024-02-28,132,mobile,NoCampaign
674,1037,2024-03-28,954,mobile,NoCampaign
675,1082,2024-03-19,148,website,NoCampaign
676,1007,2024-02-07,198,website,NoCampaign
677,1064,2024-03-12,378,mobile,CAMP2
678,1085,2024-01-05,205,website,NoCampaign
679,1016,2024-02-17,239,mobile,NoCampaign
680,1070,2024-03-30,543,mobile,NoCampaign
681,1088,2024-01-18,932,mobile,NoCampaign
682,1044,2024-03-10,312,website,CAMP2
683,1003,2024-02-06,129,website,CAMP1
684,1035,2024-02-29,449,website,CAMP2
685,1069,2024-02-17,813,mobile,NoCampaign
686,1030,2024-03-17,658,website,CAMP2
687,1018,2024-01-28,309,mobile,CAMP2
688,1060,2024-03-09,821,website,NoCampaign
689,1053,2024-03-17,664,mobile,CAMP2
690,1038,2024-03-21,601,mobile,NoCampaign
691,1090,2024-02-09,834,mobile,CAMP2
692,1073,2024-02-14,150,website,CAMP2
693,1089,2024-03-02,408,mobile,CAMP2
694,1018,2024-02-27,429,website,NoCampaign
695,1038,2024-03-07,869,mobile,CAMP1
696,1066,2024-02-25,270,website,CAMP1
697,1044,2024-02-09,869,website,NoCampaign
698,1012,2024-02-09,469,website,CAMP1
699,1091,2024-03-31,173,mobile,NoCampaign
700,1057,2024-03-17,471,mobile,NoCampaign
701,1019,2024-02-02,280,mobile,CAMP2
702,1091,2024-01-06,739,website,NoCampaign
703,1071,2024-03-28,112,mobile,CAMP1
704,1060,2024-01-19,534,mobile,NoCampaign
705,1038,2024-03-20,677,mobile,CAMP2
706,1000,2024-02-09,752,mobile,NoCampaign
707,1002,2024-02-28,623,website,CAMP1
708,1076,2024-02-28,817,mobile,NoCampaign
709,1091,2024-02-17,532,website,CAMP1
710,1061,2024-02-10,568,mobile,CAMP1
711,1062,2024-01-13,204,mobile,CAMP1
712,1024,2024-02-14,141,mobile,CAMP1
713,1055,2024-03-29,575,mobile,NoCampaign
714,1032,2024-02-22,504,mobile,CAMP1
715,1037,2024-02-11,790,website,NoCampaign
716,1005,2024-03-03,647,mobile,NoCampaign
717,1057,2024-01-27,694,website,NoCampaign
718,1043,2024-02-07,559,mobile,CAMP1
719,1044,2024-02-29,232,mobile,CAMP2
720,1031,2024-01-07,435,website,NoCampaign
721,1044,2024-01-05,623,mobile,CAMP2
722,1060,2024-02-14,780,mobile,CAMP1
723,1046,2024-02-27,454,mobile,NoCampaign
724,1020,2024-01-31,295,mobile,NoCampaign
725,1079,2024-01-23,791,website,NoCampaign
726,1084,2024-02-11,640,mobile,CAMP1
727,1074,2024-01-10,710,website,NoCampaign
728,1035,2024-02-01,699,website,CAMP1
729,1098,2024-02-22,520,mobile,CAMP1
730,1018,2024-01-30,875,website,NoCampaign
731,1019,2024-02-08,937,mobile,CAMP1
732,1056,2024-01-31,472,website,CAMP1
733,1017,2024-03-22,950,mobile,CAMP1
734,1046,2024-01-02,114,website,NoCampaign
735,1048,2024-03-18,62,mobile,NoCampaign
736,1013,2024-03-17,262,mobile,NoCampaign
737,1014,2024-01-12,291,website,NoCampaign
738,1030,2024-02-08,542,website,CAMP1
739,1000,2024-03-06,262,mobile,CAMP2
740,1053,2024-01-13,742,mobile,CAMP2
741,1002,2024-02-15,387,website,CAMP1
742,1015,2024-01-27,222,website,CAMP2
743,1086,2024-01-17,721,website,NoCampaign
744,1056,2024-02-29,213,website,CAMP1
745,1074,2024-03-04,514,website,CAMP1
746,1011,2024-03-28,546,website,CAMP1
747,1073,2024-02-04,749,mobile,CAMP1
748,1095,2024-03-10,444,mobile,NoCampaign
749,1015,2024-03-23,752,website,CAMP2
750,1071,2024-01-30,966,website,CAMP2
751,1075,2024-03-11,357,mobile,NoCampaign
752,1023,2024-03-14,817,mobile,CAMP1
753,1027,2024-03-03,232,website,CAMP2
754,1007,2024-01-28,678,mobile,CAMP2
755,1091,2024-02-29,843,mobile,NoCampaign
756,1035,2024-03-19,559,mobile,NoCampaign
757,1089,2024-02-06,757,mobile,NoCampaign
758,1007,2024-01-22,595,mobile,CAMP2
759,1057,2024-03-08,613,mobile,NoCampaign
760,1059,2024-01-20,673,mobile,CAMP1
761,1049,2024-03-08,813,website,CAMP1
762,1027,2024-03-31,643,mobile,CAMP1
763,1091,2024-03-04,793,website,CAMP2
764,1040,2024-01-17,276,website,NoCampaign
765,1099,2024-01-12,794,mobile,NoCampaign
766,1063,2024-01-22,782,website,NoCampaign
767,1026,2024-01-17,485,mobile,NoCampaign
768,1062,2024-01-10,974,website,NoCampaign
769,1016,2024-03-05,471,mobile,CAMP1
770,1072,2024-01-22,603,website,CAMP1
771,1032,2024-03-30,70,website,NoCampaign
772,1083,2024-03-22,603,mobile,CAMP2
773,1076,2024-02-19,446,mobile,NoCampaign
774,1091,2024-01-14,674,website,CAMP1
775,1028,2024-03-04,154,website,CAMP1
776,1012,2024-02-16,241,mobile,CAMP2
777,1045,2024-01-29,66,website,CAMP1
778,1034,2024-03-16,169,mobile,CAMP1
779,1005,2024-02-05,442,website,NoCampaign
780,1081,2024-02-21,474,mobile,CAMP1
781,1068,2024-03-16,178,website,NoCampaign
782,1046,2024-01-07,179,mobile,CAMP1
783,1024,2024-01-29,621,mobile,CAMP1
784,1065,2024-01-11,609,mobile,CAMP2
785,1009,2024-02-02,78,mobile,NoCampaign
786,1055,2024-01-06,146,mobile,CAMP2
787,1029,2024-03-19,59,mobile,NoCampaign
788,1004,2024-02-01,291,website,CAMP1
789,1032,2024-02-20,875,mobile,NoCampaign
790,1064,2024-03-15,281,mobile,CAMP1
791,1017,2024-02-27,838,mobile,NoCampaign
792,1095,2024-03-27,333,mobile,NoCampaign
793,1048,2024-01-26,764,mobile,NoCampaign
794,1010,2024-02-15,808,mobile,CAMP2
795,1084,2024-01-29,851,mobile,CAMP1
796,1025,2024-01-04,825,mobile,CAMP1
797,1062,2024-03-21,775,mobile,NoCampaign
798,1088,2024-01-13,249,mobile,NoCampaign
799,1085,2024-02-08,994,mobile,NoCampaign
800,1058,2024-01-15,128,mobile,CAMP1
801,1026,2024-01-29,962,website,CAMP2
802,1048,2024-01-29,904,mobile,CAMP1
803,1076,2024-03-15,905,website,NoCampaign
804,1032,2024-02-01,222,mobile,NoCampaign
805,1097,2024-01-02,516,website,NoCampaign
806,1098,2024-02-16,630,website,CAMP1
807,1000,2024-03-18,465,mobile,NoCampaign
808,1020,2024-03-24,989,website,NoCampaign
809,1054,2024-01-22,498,mobile,CAMP2
810,1005,2024-03-15,136,mobile,NoCampaign
811,1091,2024-01-27,150,website,NoCampaign
812,1080,2024-03-07,57,website,NoCampaign
813,1068,2024-03-21,894,mobile,NoCampaign
814,1094,2024-02-25,249,mobile,CAMP1
815,1004,2024-01-21,554,mobile,CAMP1
816,1002,2024-02-16,136,mobile,NoCampaign
817,1052,2024-03-20,92,website,CAMP1
818,1022,2024-02-28,434,mobile,NoCampaign
819,1052,2024-03-24,670,mobile,NoCampaign
820,1036,2024-01-06,484,mobile,NoCampaign
821,1073,2024-01-19,457,mobile,NoCampaign
822,1073,2024-02-26,532,mobile,CAMP2
823,1082,2024-03-09,713,website,CAMP2
824,1016,2024-01-03,66,website,CAMP1
825,1084,2024-01-01,694,website,CAMP2
826,1077,2024-02-27,197,mobile,CAMP1
827,1072,2024-02-07,326,website,CAMP2
828,1000,2024-01-15,281,website,NoCampaign
829,1050,2024-02-03,875,website,NoCampaign
830,1044,2024-03-01,976,mobile,CAMP1
831,1076,2024-02-04,415,mobile,CAMP2
832,1003,2024-03-04,277,mobile,NoCampaign
833,1061,2024-01-25,700,mobile,CAMP1
834,1064,2024-01-24,485,mobile,CAMP1
835,1031,2024-01-12,448,mobile,CAMP1
836,1033,2024-01-18,260,mobile,NoCampaign
837,1091,2024-01-15,440,website,CAMP1
838,1094,2024-03-20,548,mobile,NoCampaign
839,1071,2024-01-27,589,mobile,CAMP2
840,1038,2024-03-12,612,website,NoCampaign
841,1025,2024-02-29,540,website,CAMP1
842,1033,2024-02-15,491,website,CAMP2
843,1053,2024-03-29,310,website,NoCampaign
844,1002,2024-01-17,822,mobile,NoCampaign
845,1049,2024-02-22,399,website,NoCampaign
846,1011,2024-01-08,401,mobile,NoCampaign
847,1064,2024-03-19,569,mobile,NoCampaign
848,1053,2024-01-27,369,mobile,NoCampaign
849,1004,2024-02-15,187,mobile,NoCampaign
850,1093,2024-02-19,599,mobile,CAMP1
851,1093,2024-03-11,672,website,CAMP1
852,1056,2024-01-03,417,website,CAMP1
853,1016,2024-03-04,269,mobile,NoCampaign
854,1046,2024-02-13,386,mobile,CAMP2
855,1022,2024-02-22,272,website,CAMP2
856,1078,2024-01-24,697,website,NoCampaign
857,1084,2024-02-29,817,mobile,NoCampaign
858,1013,2024-01-03,409,website,NoCampaign
859,1065,2024-01-20,970,mobile,CAMP2
860,1074,2024-02-15,378,mobile,NoCampaign
861,1050,2024-01-15,512,website,CAMP1
862,1037,2024-01-25,995,mobile,CAMP1
863,1063,2024-03-18,610,mobile,CAMP1
864,1097,2024-03-11,853,website,CAMP2
865,1037,2024-01-17,431,website,CAMP2
866,1049,2024-03-24,885,mobile,NoCampaign
867,1097,2024-01-09,639,mobile,CAMP1
868,1081,2024-02-07,666,mobile,NoCampaign
869,1029,2024-02-17,218,website,NoCampaign
870,1078,2024-02-29,266,mobile,CAMP1
871,1090,2024-03-03,427,mobile,CAMP2
872,1050,2024-03-26,168,website,CAMP1
873,1062,2024-01-02,239,mobile,NoCampaign
874,1097,2024-03-28,816,mobile,CAMP2
875,1051,2024-03-12,419,mobile,CAMP1
876,1037,2024-01-11,827,website,CAMP1
877,1096,2024-03-04,198,mobile,NoCampaign
878,1087,2024-03-17,725,mobile,NoCampaign
879,1078,2024-03-21,701,website,CAMP2
880,1029,2024-03-12,908,mobile,NoCampaign
881,1050,2024-01-21,537,mobile,NoCampaign
882,1080,2024-01-18,819,mobile,NoCampaign
883,1004,2024-03-04,423,mobile,NoCampaign
884,1028,2024-03-22,830,mobile,NoCampaign
885,1003,2024-02-07,742,mobile,NoCampaign
886,1009,2024-02-01,209,mobile,NoCampaign
887,1055,2024-01-11,400,mobile,CAMP2
888,1016,2024-02-14,961,website,CAMP2
889,1073,2024-03-29,337,website,CAMP1
890,1016,2024-02-02,337,website,NoCampaign
891,1083,2024-02-10,941,website,NoCampaign
892,1087,2024-01-08,275,mobile,CAMP1
893,1068,2024-01-11,572,website,NoCampaign
894,1033,2024-03-26,571,mobile,CAMP2
895,1005,2024-02-20,832,website,CAMP1
896,1052,2024-03-28,322,website,NoCampaign
897,1065,2024-02-10,985,website,CAMP1
898,1076,2024-01-17,451,website,CAMP1
899,1042,2024-03-16,232,mobile,NoCampaign
900,1074,2024-02-15,714,mobile,NoCampaign
901,1022,2024-02-01,537,mobile,CAMP1
902,1054,2024-03-19,876,mobile,NoCampaign
903,1079,2024-03-20,895,mobile,NoCampaign
904,1094,2024-02-23,173,website,CAMP1
905,1074,2024-03-26,675,website,CAMP1
906,1015,2024-01-20,839,mobile,NoCampaign
907,1007,2024-02-02,463,website,CAMP1
908,1003,2024-03-14,774,website,NoCampaign
909,1003,2024-02-09,221,website,NoCampaign
910,1055,2024-02-01,337,website,NoCampaign
911,1024,2024-01-02,484,mobile,CAMP1
912,1066,2024-02-02,735,website,NoCampaign
913,1095,2024-03-17,162,website,CAMP2
914,1066,2024-01-30,937,mobile,CAMP2
915,1026,2024-02-02,966,mobile,CAMP1
916,1092,2024-03-17,171,website,CAMP1
917,1031,2024-01-26,593,mobile,NoCampaign
918,1049,2024-01-22,271,website,CAMP2
919,1060,2024-03-06,680,website,CAMP1
920,1050,2024-02-07,88,mobile,NoCampaign
921,1018,2024-03-30,546,mobile,CAMP1
922,1020,2024-02-15,829,website,NoCampaign
923,1004,2024-01-15,282,mobile,CAMP2
924,1081,2024-02-13,992,mobile,NoCampaign
925,1091,2024-02-18,579,mobile,NoCampaign
926,1041,2024-03-15,198,mobile,CAMP2
927,1060,2024-03-01,446,website,CAMP2
928,1021,2024-03-07,710,mobile,CAMP2
929,1020,2024-01-06,687,website,NoCampaign
930,1069,2024-01-09,953,mobile,CAMP2
931,1000,2024-01-06,351,mobile,CAMP1
932,1004,2024-03-13,409,website,CAMP1
933,1011,2024-02-01,287,website,CAMP2
934,1089,2024-02-10,696,mobile,CAMP2
935,1045,2024-03-16,712,mobile,NoCampaign
936,1033,2024-01-08,285,mobile,CAMP1
937,1048,2024-03-12,785,mobile,CAMP2
938,1077,2024-02-19,252,website,NoCampaign
939,1089,2024-03-02,305,mobile,NoCampaign
940,1044,2024-03-24,647,mobile,CAMP2
941,1026,2024-03-02,711,mobile,CAMP2
942,1072,2024-01-07,284,website,CAMP2
943,1025,2024-03-15,394,website,NoCampaign
944,1046,2024-03-24,583,mobile,CAMP1
945,1085,2024-03-20,909,website,NoCampaign
946,1055,2024-01-04,846,mobile,NoCampaign
947,1093,2024-01-06,830,mobile,NoCampaign
948,1062,2024-02-27,515,website,CAMP1
949,1047,2024-01-22,819,website,CAMP2
950,1060,2024-01-26,590,website,CAMP2
951,1080,2024-01-03,262,mobile,CAMP1
952,1025,2024-02-10,512,mobile,NoCampaign
953,1035,2024-02-29,485,website,NoCampaign
954,1000,2024-01-14,332,mobile,NoCampaign
955,1007,2024-03-15,611,mobile,NoCampaign
956,1098,2024-03-22,656,mobile,CAMP1
957,1051,2024-01-12,512,website,CAMP2
958,1078,2024-03-27,456,mobile,CAMP1
959,1046,2024-01-12,137,mobile,NoCampaign
960,1055,2024-01-13,93,website,NoCampaign
961,1085,2024-01-25,510,mobile,NoCampaign
962,1013,2024-02-14,327,mobile,CAMP1
963,1089,2024-01-19,732,mobile,CAMP2
964,1027,2024-02-24,470,mobile,NoCampaign
965,1086,2024-02-14,750,mobile,CAMP2
966,1077,2024-01-08,402,mobile,NoCampaign
967,1087,2024-02-22,745,website,NoCampaign
968,1001,2024-02-24,564,mobile,NoCampaign
969,1025,2024-02-01,752,website,CAMP2
970,1013,2024-02-20,679,mobile,CAMP1
971,1058,2024-02-13,68,mobile,CAMP1
972,1055,2024-03-22,72,mobile,CAMP2
973,1006,2024-03-10,462,mobile,CAMP2
974,1002,2024-01-18,79,website,NoCampaign
975,1022,2024-03-23,856,mobile,NoCampaign
976,1017,2024-01-22,157,mobile,CAMP1
977,1037,2024-02-06,416,website,CAMP2
978,1098,2024-02-25,330,website,CAMP1
979,1014,2024-02-28,177,website,CAMP1
980,1063,2024-01-03,278,mobile,NoCampaign
981,1088,2024-01-28,160,website,CAMP1
982,1027,2024-03-14,185,mobile,CAMP2
983,1073,2024-02-04,411,mobile,CAMP1
984,1038,2024-03-01,235,mobile,NoCampaign
985,1056,2024-02-23,705,mobile,NoCampaign
986,1016,2024-03-03,633,mobile,CAMP1
987,1085,2024-03-19,178,mobile,NoCampaign
988,1089,2024-01-07,925,website,NoCampaign
989,1043,2024-03-16,310,mobile,NoCampaign
990,1024,2024-02-18,564,mobile,CAMP1
991,1016,2024-03-25,498,mobile,NoCampaign
992,1012,2024-01-31,949,website,NoCampaign
993,1083,2024-02-27,153,mobile,NoCampaign
994,1024,2024-03-01,532,mobile,NoCampaign
995,1067,2024-01-24,273,website,NoCampaign
996,1009,2024-01-20,881,website,CAMP2
997,1066,2024-02-06,923,mobile,NoCampaign
998,1017,2024-01-04,915,website,NoCampaign
999,1099,2024-01-20,540,website,NoCampaign
1000,1085,2024-02-29,522,website,CAMP2
